"","text","favorited","favoriteCount","replyToSN","created","truncated","replyToSID","id","replyToUID","statusSource","screenName","retweetCount","isRetweet","retweeted","longitude","latitude","location","language","profileImageURL"
"1","Arsenal Tour 2013 - Day 11 - The Bullet Train #Arsenal #ArsenalFC - https://t.co/WM0r08jiRD https://t.co/2UEjYoUqK8",FALSE,0,NA,2017-11-16 18:45:22,FALSE,NA,"931231739044859904",NA,"<a href=""https://comeonengland.co.uk"" rel=""nofollow"">Come-On-England</a>","ComeOnEngland21",0,FALSE,FALSE,NA,NA,"England","en","http://pbs.twimg.com/profile_images/611347413324988417/m26LTRnZ_normal.jpg"
"2","Arsenal Tour 2013 - Day 11 - The Bullet Train #Arsenal #ArsenalFC - https://t.co/wid3bn5gt0 https://t.co/W59pBzpSVI",FALSE,0,NA,2017-11-16 18:45:20,FALSE,NA,"931231729414803458",NA,"<a href=""http://comeonengland.co.uk"" rel=""nofollow"">footballvlogrz</a>","footballvlogr",0,FALSE,FALSE,NA,NA,"England, United Kingdom","en","http://pbs.twimg.com/profile_images/712677887648919552/itXv4AOQ_normal.jpg"
"3","About next week....

#watchwithus #spurs #chelsea #manutd #arsenal #sportbar #birminghamUK #ChampionsLeague‚Ä¶ https://t.co/MtPpCXhpEm",FALSE,0,NA,2017-11-16 18:45:10,TRUE,NA,"931231689719808001",NA,"<a href=""http://twitter.com/download/iphone"" rel=""nofollow"">Twitter for iPhone</a>","TexanRoadhouse",0,FALSE,FALSE,NA,NA,"Birmingham, England","en","http://pbs.twimg.com/profile_images/900646441156304896/nvQpQ945_normal.jpg"
"4","Shkodran Mustafi &amp; Danny Welbeck will have fitness tests ahead of #Arsenal's game against #Tottenham.... https://t.co/VkCEjX2S6l",FALSE,1,NA,2017-11-16 18:45:07,FALSE,NA,"931231676209827840",NA,"<a href=""http://www.facebook.com/twitter"" rel=""nofollow"">Facebook</a>","seancardo",0,FALSE,FALSE,NA,NA,"Kenya","en","http://pbs.twimg.com/profile_images/721329519718756352/zUHqLUV4_normal.jpg"
"5","Shkodran Mustafi &amp; Danny Welbeck will have fitness tests ahead of #Arsenal's game against #Tottenham.‚Ä¶ https://t.co/Ms6d7rNxYz",FALSE,0,NA,2017-11-16 18:45:00,TRUE,NA,"931231646962958336",NA,"<a href=""https://about.twitter.com/products/tweetdeck"" rel=""nofollow"">TweetDeck</a>","seancardo",0,FALSE,FALSE,NA,NA,"Kenya","en","http://pbs.twimg.com/profile_images/721329519718756352/zUHqLUV4_normal.jpg"
"6","RT @ArsenalFCAddict: #Transfer Rumour: #Arsenal set to reignite interest in #ManchesterCity forward Raheem Sterling | The Hard Tackle https‚Ä¶",FALSE,0,NA,2017-11-16 18:44:46,FALSE,NA,"931231588511354880",NA,"<a href=""http://twitter.com/download/android"" rel=""nofollow"">Twitter for Android</a>","philipbryant180",1,TRUE,FALSE,NA,NA,"somerset england!","en","http://pbs.twimg.com/profile_images/905871831374159873/8XkKmVDJ_normal.jpg"
"7","RT @Stuart_PhotoAFC: Thierry Henry's goal v spurs from 16th November 2002. #TH14 #arsenal #afc https://t.co/6N4RmYyxD4",FALSE,0,NA,2017-11-16 18:44:32,FALSE,NA,"931231526712377346",NA,"<a href=""http://twitter.com/download/iphone"" rel=""nofollow"">Twitter for iPhone</a>","Xxz911Hamad",151,TRUE,FALSE,NA,NA,"","en","http://pbs.twimg.com/profile_images/809443950369050625/tvow3jkp_normal.jpg"
"8","New: Pleguezuelo hoping for last chance to make the breakthrough at Arsenal https://t.co/g1gS6ZY8An #arsenal #afc https://t.co/bPFmtlUibH",FALSE,2,NA,2017-11-16 18:44:00,FALSE,NA,"931231394273091584",NA,"<a href=""http://news.arseblog.com"" rel=""nofollow"">Arseblog News2</a>","arseblognews",0,FALSE,FALSE,NA,NA,"Dublin :: London","en","http://pbs.twimg.com/profile_images/905117201614680064/mWjKI7wX_normal.jpg"
"9","#Arsenal vs Tottenham | Teams, streams and predictions https://t.co/XeyeSivHr3",FALSE,0,NA,2017-11-16 18:43:49,FALSE,NA,"931231348500652037",NA,"<a href=""http://twitter.com"" rel=""nofollow"">Twitter Web Client</a>","Antondub",0,FALSE,FALSE,NA,NA,"Dalkey,Dublin,Ireland.","en","http://pbs.twimg.com/profile_images/2232733563/gero_normal.jpg"
"10","#Transfer Rumour: #Arsenal set to reignite interest in #ManchesterCity forward Raheem Sterling | The Hard Tackle https://t.co/8czSs5PMBO",FALSE,0,NA,2017-11-16 18:42:04,FALSE,NA,"931230907125690369",NA,"<a href=""http://www.arsenal-addict.com/"" rel=""nofollow"">Arsenal Addict</a>","ArsenalFCAddict",1,FALSE,FALSE,NA,NA,"London, England","en-gb","http://pbs.twimg.com/profile_images/859483125709189122/dXexuEgZ_normal.jpg"
"11","RT @Stuart_PhotoAFC: Thierry Henry's goal v spurs from 16th November 2002. #TH14 #arsenal #afc https://t.co/6N4RmYyxD4",FALSE,0,NA,2017-11-16 18:41:28,FALSE,NA,"931230755891662848",NA,"<a href=""http://twitter.com/download/android"" rel=""nofollow"">Twitter for Android</a>","ReasonOtto",151,TRUE,FALSE,NA,NA,"North London, England","en","http://pbs.twimg.com/profile_images/884151223624052737/WQ34-zuy_normal.jpg"
"12","Who scored our best goal at home to Tottenham? https://t.co/EET4LK1z67 #Arsenal",FALSE,0,NA,2017-11-16 18:37:04,FALSE,NA,"931229648230400000",NA,"<a href=""https://dlvrit.com/"" rel=""nofollow"">dlvr.it</a>","IndoArsenal",0,FALSE,FALSE,NA,NA,"Indonesia","en","http://pbs.twimg.com/profile_images/1754410648/indoarsenal_normal.png"
"13","#Arsenal.com : Who scored our best goal at home to Tottenham?: Bergkamp, Bendtner, Giroud, Henry or Mertesacker - m‚Ä¶ https://t.co/Ri2qacciKM",FALSE,0,NA,2017-11-16 18:36:05,TRUE,NA,"931229403970859008",NA,"<a href=""https://dlvrit.com/"" rel=""nofollow"">dlvr.it</a>","FCArsenal365",0,FALSE,FALSE,NA,NA,"London","en","http://pbs.twimg.com/profile_images/1369577293/cf_normal.jpg"
"14","Keown: ""#Arsenal‚Äôs support will be more vociferous on Saturday because their dominance has been snatched away""",FALSE,1,"GurjitAFC",2017-11-16 18:36:00,FALSE,"931223977888043008","931229383104368640","172462729","<a href=""http://twitter.com/download/android"" rel=""nofollow"">Twitter for Android</a>","GurjitAFC",0,FALSE,FALSE,NA,NA,"","en","http://pbs.twimg.com/profile_images/730039290751766528/uC0huOWy_normal.jpg"
"15","As if the #NorthLondonDerby isn't insignificant enough to the rest of the country.....

Piers Morgan vs Alan Sugar‚Ä¶ https://t.co/KvFQkq8pPg",FALSE,1,NA,2017-11-16 18:34:30,TRUE,NA,"931229003545042944",NA,"<a href=""http://twitter.com/download/android"" rel=""nofollow"">Twitter for Android</a>","jess_beano",0,FALSE,FALSE,NA,NA,"Kent/London/Sussex","en","http://pbs.twimg.com/profile_images/921131593095360512/WoAs3mGu_normal.jpg"
"16","RT @ILoveWengerball: #arsenal is unique. What other club would gift supporters with a bottle opener and wine stopper Ì†ΩÌ∏ÇÌ†ΩÌ±ç #class #COYG https:‚Ä¶",FALSE,0,NA,2017-11-16 18:33:02,FALSE,NA,"931228634916048896",NA,"<a href=""http://twitter.com/download/android"" rel=""nofollow"">Twitter for Android</a>","Ayzay",2,TRUE,FALSE,NA,NA,"nigeria","en","http://pbs.twimg.com/profile_images/848081976372416516/5YKuIowO_normal.jpg"
"17","RT @Joepav77: Arsenal vs Tottenham Hotspur
https://t.co/cp6c1tqvw5

#Arsenal #Gunners #PremierLeague #soccer #Spurs #TottenhamHotspur https‚Ä¶",FALSE,0,NA,2017-11-16 18:32:24,FALSE,NA,"931228477038084096",NA,"<a href=""http://twitter.com"" rel=""nofollow"">Twitter Web Client</a>","rdr18929",1432,TRUE,FALSE,NA,NA,"","fil","http://pbs.twimg.com/profile_images/931227457096597504/kWwf3hXm_normal.jpg"
"18","RT @Joepav77: Arsenal vs Tottenham Hotspur
https://t.co/cp6c1tqvw5

#Arsenal #Gunners #PremierLeague #soccer #Spurs #TottenhamHotspur https‚Ä¶",FALSE,0,NA,2017-11-16 18:31:46,FALSE,NA,"931228314018070528",NA,"<a href=""http://twitter.com"" rel=""nofollow"">Twitter Web Client</a>","Sayanti90272390",1432,TRUE,FALSE,NA,NA,"","en-gb","http://pbs.twimg.com/profile_images/930752143866204161/VzEQE5Oe_normal.jpg"
"19","Wright: I would play Lacazette every game by @jeinchy29 #Arsenal https://t.co/XbzloHKNO6",FALSE,2,NA,2017-11-16 18:31:30,FALSE,NA,"931228247177691136",NA,"<a href=""http://dailycannon.com"" rel=""nofollow"">DC 2017</a>","DailyCannon",0,FALSE,FALSE,NA,NA,"Everywhere","en","http://pbs.twimg.com/profile_images/875719052538380288/5UtBPLut_normal.png"
"20","Mauricio Pochettino must be sick of finishing above #Arsenal. He's now got into acting for Stranger Things... https://t.co/mTKJjzmm4M",FALSE,0,NA,2017-11-16 18:30:01,FALSE,NA,"931227875348533248",NA,"<a href=""https://about.twitter.com/products/tweetdeck"" rel=""nofollow"">TweetDeck</a>","shotongoal247",0,FALSE,FALSE,NA,NA,"London, England","en","http://pbs.twimg.com/profile_images/889468872063057920/gu-ooNsO_normal.jpg"
"21","I'd hate to be the one that hates on one of one our own based on some ridiculous rumours most likely made up for me‚Ä¶ https://t.co/rjDmWbjFgk",FALSE,0,NA,2017-11-16 18:28:50,TRUE,NA,"931227576911187968",NA,"<a href=""http://twitter.com/download/android"" rel=""nofollow"">Twitter for Android</a>","rodgerk1",0,FALSE,FALSE,NA,NA,"60.1708¬∞ N, 24.9375¬∞ E","en","http://pbs.twimg.com/profile_images/915522186319941632/SDeRuwZX_normal.jpg"
"22","Premier League health check: the overachievers and underperformers #Arsenal  https://t.co/as5lv4qNif https://t.co/8JOlUiI2y1",FALSE,0,NA,2017-11-16 18:28:09,FALSE,NA,"931227407448727553",NA,"<a href=""http://www.fanly.me/getapp"" rel=""nofollow"">Arsenal_Fanly</a>","Arsenal_Fanly",0,FALSE,FALSE,NA,NA,"England","en","http://pbs.twimg.com/profile_images/651082475385425920/7gB3V_jY_normal.png"
"23","#ArsenalNews Who scored our best goal at home to Tottenham? https://t.co/ZH1Tb7KEuP #Arsenal",FALSE,0,NA,2017-11-16 18:27:35,FALSE,NA,"931227263709863936",NA,"<a href=""https://dlvrit.com/"" rel=""nofollow"">dlvr.it</a>","ArsenalJournal",0,FALSE,FALSE,NA,NA,"Woolwich, UK","en","http://pbs.twimg.com/profile_images/378800000013796642/926b0d3b24128823af5393d025af6a89_normal.png"
"24","RT @MathewVieiraArt: 'VIEEEIIIIRA OOHH WEEY OH'
Arsenal Legends Series
Prints coming very soon!
#Arsenal #Vieira #ArsenalLegends https://t.‚Ä¶",FALSE,0,NA,2017-11-16 18:27:13,FALSE,NA,"931227170416021504",NA,"<a href=""https://mobile.twitter.com"" rel=""nofollow"">Twitter Lite</a>","GandhisGhost",3,TRUE,FALSE,NA,NA,"England, United Kingdom","en","http://pbs.twimg.com/profile_images/868720769471320064/GbPg6hrm_normal.jpg"
"25","Arsenal star told to leave the Emirates and join Premier League riv #Arsenal #AFC #Gooners #COYG #FNH https://t.co/YJVNwqsWIk",FALSE,0,NA,2017-11-16 18:27:09,FALSE,NA,"931227155647877125",NA,"<a href=""http://www.footballnewshound.com"" rel=""nofollow"">Arsenal FNH</a>","ArsenalFNH",0,FALSE,FALSE,NA,NA,"London","en-gb","http://pbs.twimg.com/profile_images/378800000803966347/40072cf1200909af9bc60a9b0d54afb2_normal.png"
"26","Arsenal v Tottenham: Wenger and Pochettino preview north London der #Arsenal #AFC #Gooners #COYG #FNH https://t.co/ruhIYMkd7N",FALSE,0,NA,2017-11-16 18:27:09,FALSE,NA,"931227154548973575",NA,"<a href=""http://www.footballnewshound.com"" rel=""nofollow"">Arsenal FNH</a>","ArsenalFNH",0,FALSE,FALSE,NA,NA,"London","en-gb","http://pbs.twimg.com/profile_images/378800000803966347/40072cf1200909af9bc60a9b0d54afb2_normal.png"
"27","Premier League health check: the overachievers and underperformers  #Arsenal #AFC #Gooners #COYG #FNH https://t.co/1e51zbYTAL",FALSE,0,NA,2017-11-16 18:27:09,FALSE,NA,"931227153429082112",NA,"<a href=""http://www.footballnewshound.com"" rel=""nofollow"">Arsenal FNH</a>","ArsenalFNH",0,FALSE,FALSE,NA,NA,"London","en-gb","http://pbs.twimg.com/profile_images/378800000803966347/40072cf1200909af9bc60a9b0d54afb2_normal.png"
"28","Who scored our best goal at home to Tottenham? #Arsenal #AFC #Gooners #COYG #FNH https://t.co/GnRGQkCG8L",FALSE,0,NA,2017-11-16 18:27:08,FALSE,NA,"931227151403274240",NA,"<a href=""http://www.footballnewshound.com"" rel=""nofollow"">Arsenal FNH</a>","ArsenalFNH",0,FALSE,FALSE,NA,NA,"London","en-gb","http://pbs.twimg.com/profile_images/378800000803966347/40072cf1200909af9bc60a9b0d54afb2_normal.png"
"29","RT @polysaraujo: Sorte? Acredito mais em merecimento.. #Arsenal #CampeasInvictas #CopaFama Ì†ºÌøÜ‚öΩÌ†ΩÌ±£Ì†ΩÌ∏çÌ†ΩÌ±è https://t.co/906vT2g8yk",FALSE,0,NA,2017-11-16 18:26:12,FALSE,NA,"931226913544261632",NA,"<a href=""http://twitter.com"" rel=""nofollow"">Twitter Web Client</a>","nairellyverli",3,TRUE,FALSE,NA,NA,"Cariacica","pt","http://pbs.twimg.com/profile_images/922394612689457152/3XWmmO_e_normal.jpg"
"30","RT @tcros: Plong√©e au c≈ìur du North London Derby, #Arsenal #Tottenham. Son histoire, ses anecdotes. Enjoy! (Merci @FriulConnection pour ce‚Ä¶",FALSE,0,NA,2017-11-16 18:24:41,FALSE,NA,"931226532462329857",NA,"<a href=""http://twitter.com/download/iphone"" rel=""nofollow"">Twitter for iPhone</a>","ClarimUKSW19",4,TRUE,FALSE,NA,NA,"London","en","http://pbs.twimg.com/profile_images/459102821934067712/iB_KCNSY_normal.jpeg"
"31","If Stephen King wrote transfer rumours #Arsenal #Fellaini #lowbattery https://t.co/KqHFdQNf4B",FALSE,0,NA,2017-11-16 18:23:18,FALSE,NA,"931226183961907201",NA,"<a href=""https://mobile.twitter.com"" rel=""nofollow"">Twitter Lite</a>","CeefaxOfLife",0,FALSE,FALSE,NA,NA,"Cardiff","en","http://pbs.twimg.com/profile_images/802021228592721920/nv37Smbm_normal.jpg"
"32","RT @Joepav77: Arsenal vs Tottenham Hotspur
https://t.co/cp6c1tqvw5

#Arsenal #Gunners #PremierLeague #soccer #Spurs #TottenhamHotspur https‚Ä¶",FALSE,0,NA,2017-11-16 18:21:54,FALSE,NA,"931225833330556928",NA,"<a href=""http://twitter.com"" rel=""nofollow"">Twitter Web Client</a>","NasrinAfroze",1432,TRUE,FALSE,NA,NA,"","en","http://abs.twimg.com/sticky/default_profile_images/default_profile_normal.png"
"33","RT @arseblognews: New: Wenger: Cazorla‚Äôs injury is the worst I‚Äôve known https://t.co/9IL75td5HG #arsenal #afc https://t.co/waGX0xZ2oi",FALSE,0,NA,2017-11-16 18:21:41,FALSE,NA,"931225779177914369",NA,"<a href=""http://twitter.com/download/iphone"" rel=""nofollow"">Twitter for iPhone</a>","MomentOfChaos",8,TRUE,FALSE,NA,NA,"a foodie in VA/DC","en","http://pbs.twimg.com/profile_images/847248802935226368/HTWe1Ukr_normal.jpg"
"34","RT @DailyCannon: Wright: Kane and Lacazette are desperate to score goals by @jeinchy29 #Arsenal https://t.co/KPKVgxJBsT",FALSE,0,NA,2017-11-16 18:21:39,FALSE,NA,"931225771259125761",NA,"<a href=""http://twitter.com/download/android"" rel=""nofollow"">Twitter for Android</a>","proof55",1,TRUE,FALSE,NA,NA,"My Community","en","http://pbs.twimg.com/profile_images/899726142147579906/Ll3nB9hO_normal.jpg"
"35","#Dovzhenko's silent trilogy at @ICALondon. Starting our first screening in 2min! 2 more films to go 19Nov #Arsenal‚Ä¶ https://t.co/vohV6FTzRj",FALSE,0,NA,2017-11-16 18:21:12,TRUE,NA,"931225655915765761",NA,"<a href=""http://twitter.com/download/android"" rel=""nofollow"">Twitter for Android</a>","Ukr_Institute",0,FALSE,FALSE,NA,NA,"London, England","en-gb","http://pbs.twimg.com/profile_images/694140758450900992/o6qT9g1f_normal.jpg"
"36","#OneArsenal #ArsenalFC #Arsenal Arsenal vs Tottenham preview, TV channel, kick-off time, date, odds and team n.. https://t.co/w16Q3PvXg3",FALSE,0,NA,2017-11-16 18:21:08,FALSE,NA,"931225639839027201",NA,"<a href=""https://www.socialoomph.com"" rel=""nofollow"">SocialOomph</a>","arsenalnewsonly",0,FALSE,FALSE,NA,NA,"","en","http://pbs.twimg.com/profile_images/919525798012362752/z_sHxuQW_normal.jpg"
"37","The data analysis from these surveys will be sore to the eyes if they actually get analysed #Arsenal #Survey https://t.co/JkWGgotyhG",FALSE,0,NA,2017-11-16 18:20:47,FALSE,NA,"931225549934080003",NA,"<a href=""http://twitter.com/download/iphone"" rel=""nofollow"">Twitter for iPhone</a>","TurkishortyGoon",0,FALSE,FALSE,NA,NA,"#EveryDayArsenal","en","http://pbs.twimg.com/profile_images/922207108862488576/7cWNkEvs_normal.jpg"
"38","Who scored our best goal at home to Tottenham? https://t.co/Y2iiOMclBx #Arsenal",FALSE,0,NA,2017-11-16 18:20:07,FALSE,NA,"931225382698696704",NA,"<a href=""https://dlvrit.com/"" rel=""nofollow"">dlvr.it</a>","Arsenal_Fever",0,FALSE,FALSE,NA,NA,"Emirates Stadium","en","http://pbs.twimg.com/profile_images/447738398086668288/Sgkg30Gd_normal.jpeg"
"39","RT @EPLpod: New episode: Have Spurs eclipsed Arsenal? #PodernFamily Cc: @eatmygoaltv https://t.co/BKtVYKYrv4 #Spurs #Arsenal https://t.co/c‚Ä¶",FALSE,0,NA,2017-11-16 18:19:48,FALSE,NA,"931225302612742144",NA,"<a href=""http://www.wkucretweet.com"" rel=""nofollow"">WKUC Retweets</a>","WKUCComedyPod",7,TRUE,FALSE,NA,NA,"New Mexico, USA","en","http://pbs.twimg.com/profile_images/882603988947935233/LkzjG0ue_normal.jpg"
"40","RT @Joepav77: Arsenal vs Tottenham Hotspur
https://t.co/cp6c1tqvw5

#Arsenal #Gunners #PremierLeague #soccer #Spurs #TottenhamHotspur https‚Ä¶",FALSE,0,NA,2017-11-16 18:19:28,FALSE,NA,"931225220953677824",NA,"<a href=""http://twitter.com"" rel=""nofollow"">Twitter Web Client</a>","sanjusimons88",1432,TRUE,FALSE,NA,NA,"","en","http://pbs.twimg.com/profile_images/859818493834907648/mGiCOSNP_normal.jpg"
"41","Arsenal's top 10 north London derby goals! https://t.co/Xqwgsq59Bd #Arsenal",FALSE,0,NA,2017-11-16 18:18:49,FALSE,NA,"931225056335814656",NA,"<a href=""https://ifttt.com"" rel=""nofollow"">IFTTT</a>","EPLClubsYouTube",0,FALSE,FALSE,NA,NA,"","en-gb","http://pbs.twimg.com/profile_images/885797631527714816/0RI-U__V_normal.jpg"
"42","RT @zonemixteFr: [Ì†ºÌ∑¨Ì†ºÌ∑ß #Angleterre]
Plong√©e au c≈ìur du North London Derby, #Arsenal #Tottenham. Son histoire, ses anecdotes. Enjoy!
@FrenchAF‚Ä¶",FALSE,0,NA,2017-11-16 18:18:40,FALSE,NA,"931225020432633861",NA,"<a href=""http://twitter.com/download/android"" rel=""nofollow"">Twitter for Android</a>","FriulConnection",1,TRUE,FALSE,NA,NA,"Pont-Audemer, France","fr","http://pbs.twimg.com/profile_images/611513707886198784/Y8RXAdvi_normal.png"
"43","RT @SBOBET: Arsene Wenger insists that he fully trusts Alexandre Lacazette and is not scared of Harry Kane as #Arsenal prepare to host Tott‚Ä¶",FALSE,0,NA,2017-11-16 18:17:59,FALSE,NA,"931224846511489025",NA,"<a href=""https://about.twitter.com/products/tweetdeck"" rel=""nofollow"">TweetDeck</a>","futbal_tube",1,TRUE,FALSE,NA,NA,"","en","http://pbs.twimg.com/profile_images/597933259138281472/1RPNUVSz_normal.jpg"
"44","RT @SBOBET: Arsene Wenger insists that he fully trusts Alexandre Lacazette and is not scared of Harry Kane as #Arsenal prepare to host Tott‚Ä¶",FALSE,0,NA,2017-11-16 18:17:59,FALSE,NA,"931224846402338817",NA,"<a href=""https://about.twitter.com/products/tweetdeck"" rel=""nofollow"">TweetDeck</a>","ArsenalFCTweets",1,TRUE,FALSE,NA,NA,"Holloway, London","en","http://pbs.twimg.com/profile_images/446309338068439040/VW4XD8La_normal.jpeg"
"45","RT @SBOBET: Arsene Wenger insists that he fully trusts Alexandre Lacazette and is not scared of Harry Kane as #Arsenal prepare to host Tott‚Ä¶",FALSE,0,NA,2017-11-16 18:17:59,FALSE,NA,"931224846356307968",NA,"<a href=""https://about.twitter.com/products/tweetdeck"" rel=""nofollow"">TweetDeck</a>","EPL_Lover",1,TRUE,FALSE,NA,NA,"United Kingdom","en","http://pbs.twimg.com/profile_images/448125315286462464/2_yNHkK__normal.jpeg"
"46","RT @SFR_Sport: #Arsenal : Ars√®ne Wenger n‚Äôa jamais vu ""une pire blessure"" que celle de Cazorla ! Les explications du manager fran√ßais √† ret‚Ä¶",FALSE,0,NA,2017-11-16 18:16:34,FALSE,NA,"931224489249173508",NA,"<a href=""http://twitter.com/download/iphone"" rel=""nofollow"">Twitter for iPhone</a>","jusdepommedu26",10,TRUE,FALSE,NA,NA,"","fr","http://abs.twimg.com/sticky/default_profile_images/default_profile_normal.png"
"47","RT @SBOBET: Bayern Munich are considering to offer a deal for #Arsenal forward Olivier Giroud in January, according to reports. #FCBayern h‚Ä¶",FALSE,0,NA,2017-11-16 18:16:04,FALSE,NA,"931224365026312192",NA,"<a href=""https://about.twitter.com/products/tweetdeck"" rel=""nofollow"">TweetDeck</a>","EPL_Lover",3,TRUE,FALSE,NA,NA,"United Kingdom","en","http://pbs.twimg.com/profile_images/448125315286462464/2_yNHkK__normal.jpeg"
"48","RT @SBOBET: Bayern Munich are considering to offer a deal for #Arsenal forward Olivier Giroud in January, according to reports. #FCBayern h‚Ä¶",FALSE,0,NA,2017-11-16 18:16:04,FALSE,NA,"931224364988559360",NA,"<a href=""https://about.twitter.com/products/tweetdeck"" rel=""nofollow"">TweetDeck</a>","BaileyGrant10",3,TRUE,FALSE,NA,NA,"United Kingdom","en","http://pbs.twimg.com/profile_images/378800000760603497/2ab0d3e22d140f74709ed0508ffe9d23_normal.jpeg"
"49","RT @SBOBET: Bayern Munich are considering to offer a deal for #Arsenal forward Olivier Giroud in January, according to reports. #FCBayern h‚Ä¶",FALSE,0,NA,2017-11-16 18:16:04,FALSE,NA,"931224364971728896",NA,"<a href=""https://about.twitter.com/products/tweetdeck"" rel=""nofollow"">TweetDeck</a>","BayernMunichF",3,TRUE,FALSE,NA,NA,"Munchen","en-gb","http://pbs.twimg.com/profile_images/446048753259008000/EQofcZkP_normal.jpeg"
"50","RT @Joepav77: Arsenal vs Tottenham Hotspur
https://t.co/cp6c1tqvw5

#Arsenal #Gunners #PremierLeague #soccer #Spurs #TottenhamHotspur https‚Ä¶",FALSE,0,NA,2017-11-16 18:16:02,FALSE,NA,"931224357749354507",NA,"<a href=""http://twitter.com"" rel=""nofollow"">Twitter Web Client</a>","agenceweb9",1432,TRUE,FALSE,NA,NA,"","fr","http://abs.twimg.com/sticky/default_profile_images/default_profile_normal.png"
"51","RT @tcros: Plong√©e au c≈ìur du North London Derby, #Arsenal #Tottenham. Son histoire, ses anecdotes. Enjoy! (Merci @FriulConnection pour ce‚Ä¶",FALSE,0,NA,2017-11-16 18:15:41,FALSE,NA,"931224267001344000",NA,"<a href=""http://twitter.com/download/android"" rel=""nofollow"">Twitter for Android</a>","DomRousseauBlog",4,TRUE,FALSE,NA,NA,"Paris, France","fr","http://pbs.twimg.com/profile_images/631923354090512384/SXaaQDbj_normal.jpg"
"52","RT @Robbie_Claudio: My guy moss Ì†ΩÌ±ÄÌ†ΩÌ¥• #arsenal https://t.co/mEXLlxQd37",FALSE,0,NA,2017-11-16 18:14:55,FALSE,NA,"931224073430093824",NA,"<a href=""http://twitter.com/download/android"" rel=""nofollow"">Twitter for Android</a>","_C_hacha",587,TRUE,FALSE,NA,NA,"","en","http://pbs.twimg.com/profile_images/924576958142451712/8vnOjcqm_normal.jpg"
"53","Keown on the North London Derby: ""If this was at Wembley or White Hart Lane, I would be expecting Tottenham to win.‚Ä¶ https://t.co/rHpjjTF3fu",FALSE,6,NA,2017-11-16 18:14:32,TRUE,NA,"931223977888043008",NA,"<a href=""http://twitter.com/download/android"" rel=""nofollow"">Twitter for Android</a>","GurjitAFC",4,FALSE,FALSE,NA,NA,"","en","http://pbs.twimg.com/profile_images/730039290751766528/uC0huOWy_normal.jpg"
"54","RT @Robbie_Claudio: My guy moss Ì†ΩÌ±ÄÌ†ΩÌ¥• #arsenal https://t.co/mEXLlxQd37",FALSE,0,NA,2017-11-16 18:14:23,FALSE,NA,"931223941519151104",NA,"<a href=""http://twitter.com"" rel=""nofollow"">Twitter Web Client</a>","CRaCarvia",587,TRUE,FALSE,NA,NA,"Vilagarc√≠a de Arousa, Espa√±a","es","http://pbs.twimg.com/profile_images/805833862135873536/VKWGD_QE_normal.jpg"
"55","RT @Mp3bullet: #SantiCarzola is #Arsenal‚Äôs most skillful player, #AlexIwobi https://t.co/1RbO6Gy2O6 https://t.co/OUL3Dlr0cx",FALSE,0,NA,2017-11-16 18:14:07,FALSE,NA,"931223873726578689",NA,"<a href=""https://twitter.com/ArsenalJives"" rel=""nofollow"">ArsenalJives</a>","ArsenalJives",1,TRUE,FALSE,NA,NA,"","en","http://pbs.twimg.com/profile_images/720254431137112064/_cXP8cmZ_normal.jpg"
"56","German academy coach Mertesacker. German first team coach Lehmann. German scout being hired. Are these signs for a‚Ä¶ https://t.co/qfVKxxraAe",FALSE,0,NA,2017-11-16 18:12:56,TRUE,NA,"931223574240575488",NA,"<a href=""https://mobile.twitter.com"" rel=""nofollow"">Twitter Lite</a>","German_Wizardry",0,FALSE,FALSE,NA,NA,"Somewhere","en","http://pbs.twimg.com/profile_images/902538557193043968/RBjzCq_Z_normal.jpg"
"57","Soccer fans!  Check out episode 10 of @ScreamerHowler with Mully &amp; @Kevbo_ talking #WorldCup qualifiers, the return‚Ä¶ https://t.co/bubNMWEIlC",FALSE,0,NA,2017-11-16 18:12:47,TRUE,NA,"931223539428012032",NA,"<a href=""http://twitter.com"" rel=""nofollow"">Twitter Web Client</a>","mullyhanley",1,FALSE,FALSE,NA,NA,"Chicago","en","http://pbs.twimg.com/profile_images/223335352/untitled-8-1_normal.jpg"
"58","Arsenal vs Tottenham preview, TV channel, kick-off time, date, odds and team news https://t.co/bodI6jAI54 #gunners #coyg #Arsenal",FALSE,0,NA,2017-11-16 18:12:14,FALSE,NA,"931223401674534913",NA,"<a href=""https://ifttt.com"" rel=""nofollow"">IFTTT</a>","ArsenalHQNews",0,FALSE,FALSE,NA,NA,"North London","en","http://pbs.twimg.com/profile_images/579932158657196032/GXL-j4R4_normal.png"
"59","#SantiCarzola is #Arsenal‚Äôs most skillful player, #AlexIwobi https://t.co/Pica3Z120m https://t.co/hA2psdWHke",FALSE,0,NA,2017-11-16 18:12:09,FALSE,NA,"931223379578728449",NA,"<a href=""https://dlvrit.com/"" rel=""nofollow"">dlvr.it</a>","Prettybiolly",0,FALSE,FALSE,NA,NA,"Nigeria","en","http://pbs.twimg.com/profile_images/873424667524177920/73L8AZKT_normal.jpg"
"60","#SantiCarzola is #Arsenal‚Äôs most skillful player, #AlexIwobi https://t.co/1RbO6Gy2O6 https://t.co/OUL3Dlr0cx",FALSE,2,NA,2017-11-16 18:12:09,FALSE,NA,"931223377972404224",NA,"<a href=""https://dlvrit.com/"" rel=""nofollow"">dlvr.it</a>","Mp3bullet",1,FALSE,FALSE,NA,NA,"Nigeria,Worldwide","en","http://pbs.twimg.com/profile_images/774262239796813824/JlpvBN6K_normal.jpg"
"61","#SantiCarzola is #Arsenal‚Äôs most skillful player, #AlexIwobi https://t.co/TfTHJyrHfG https://t.co/BbTZfZRGQK",FALSE,0,NA,2017-11-16 18:12:07,FALSE,NA,"931223369730613248",NA,"<a href=""https://dlvrit.com/"" rel=""nofollow"">dlvr.it</a>","misterboboskie",0,FALSE,FALSE,NA,NA,"Worldwide","en","http://pbs.twimg.com/profile_images/808706636298813440/Yyx8aL8k_normal.jpg"
"62","RT @tcros: Plong√©e au c≈ìur du North London Derby, #Arsenal #Tottenham. Son histoire, ses anecdotes. Enjoy! (Merci @FriulConnection pour ce‚Ä¶",FALSE,0,NA,2017-11-16 18:11:30,FALSE,NA,"931223215766167552",NA,"<a href=""http://twitter.com/download/iphone"" rel=""nofollow"">Twitter for iPhone</a>","Gangster75015",4,TRUE,FALSE,NA,NA,"","en","http://pbs.twimg.com/profile_images/481078107873742848/TS_150Vb_normal.jpeg"
"63","RT @arseblognews: New: Wenger on the North London ‚Äòbalance of power‚Äô, Kane and support https://t.co/I6X7L9TFeU #arsenal #afc https://t.co/B‚Ä¶",FALSE,0,NA,2017-11-16 18:11:27,FALSE,NA,"931223203283955712",NA,"<a href=""http://twitter.com/download/android"" rel=""nofollow"">Twitter for Android</a>","erykdiwe",3,TRUE,FALSE,NA,NA,"Lagos, Nigeria","en","http://pbs.twimg.com/profile_images/928650886234112002/YeVghStK_normal.jpg"
"64","56/57 #Arsenal v #ManUtd Played in Division 1 on 29th Sept 1956 https://t.co/rkjPWmsoxJ ‚Ä¶ #ATSocialMedia",FALSE,0,NA,2017-11-16 18:10:39,FALSE,NA,"931223002687115264",NA,"<a href=""http://twitter.com"" rel=""nofollow"">Twitter Web Client</a>","MufcProgrammes",0,FALSE,FALSE,NA,NA,"England, United Kingdom","en","http://pbs.twimg.com/profile_images/930641355789029376/O6bgbDam_normal.jpg"
"65","RT @MathewVieiraArt: 'VIEEEIIIIRA OOHH WEEY OH'
Arsenal Legends Series
Prints coming very soon!
#Arsenal #Vieira #ArsenalLegends https://t.‚Ä¶",FALSE,0,NA,2017-11-16 18:08:18,FALSE,NA,"931222409218273282",NA,"<a href=""http://twitter.com/download/android"" rel=""nofollow"">Twitter for Android</a>","Arsenal_Station",3,TRUE,FALSE,NA,NA,"Emirates","en","http://pbs.twimg.com/profile_images/927244624699252738/8VISfdla_normal.jpg"
"66","RT @AIS_BKS: Ì†ºÌøÜ EPL gameweek 12
‚öΩÔ∏è #ARSENAL vs TOT Sp*rs
Ì†ΩÌ≥Ö Sabtu, 18 November 2017
‚è∞ kick off pukul 19.30 WIB
Ì†ΩÌ≥∫ Live @Sport_MNCTV

#NorthLon‚Ä¶",FALSE,0,NA,2017-11-16 18:08:14,FALSE,NA,"931222391685910528",NA,"<a href=""http://twitter.com/download/android"" rel=""nofollow"">Twitter for Android</a>","PriyoHartanto",2,TRUE,FALSE,NA,NA,"Indonesia","en","http://pbs.twimg.com/profile_images/514069020929048576/sCEmjcRY_normal.jpeg"
"67","RT @polysaraujo: Sorte? Acredito mais em merecimento.. #Arsenal #CampeasInvictas #CopaFama Ì†ºÌøÜ‚öΩÌ†ΩÌ±£Ì†ΩÌ∏çÌ†ΩÌ±è https://t.co/906vT2g8yk",FALSE,0,NA,2017-11-16 18:08:10,FALSE,NA,"931222376154587137",NA,"<a href=""http://twitter.com/download/android"" rel=""nofollow"">Twitter for Android</a>","Ca10san_",3,TRUE,FALSE,NA,NA,"Esp√≠rito Santo, Brasil","pt","http://pbs.twimg.com/profile_images/928366553074200576/euKrVCyK_normal.jpg"
"68","Love this! @19SCazorla such an underrated player. Always made an impact on arsenal, seemingly one of the few who st‚Ä¶ https://t.co/GjMHJ1vN4V",FALSE,0,NA,2017-11-16 18:08:02,TRUE,NA,"931222344324001798",NA,"<a href=""http://twitter.com/download/android"" rel=""nofollow"">Twitter for Android</a>","jacobabbass",0,FALSE,FALSE,NA,NA,"Blackpool, England","en","http://pbs.twimg.com/profile_images/863873953928007680/Q8Fzg6mC_normal.jpg"
"69","Feeds:  #PremierLeague #Arsenal #Chelsea #LFC #MCFC #MUFC #THFC #FPL
https://t.co/ZoCmUFv5DT",FALSE,0,NA,2017-11-16 18:07:32,FALSE,NA,"931222218629091328",NA,"<a href=""http://fantasysports.co.uk"" rel=""nofollow"">Fantasy sports twitter autopost</a>","ukfantasysports",0,FALSE,FALSE,NA,NA,"London, England","en","http://pbs.twimg.com/profile_images/861259774138224640/pveD2s0S_normal.jpg"
"70","RT @tcros: Plong√©e au c≈ìur du North London Derby, #Arsenal #Tottenham. Son histoire, ses anecdotes. Enjoy! (Merci @FriulConnection pour ce‚Ä¶",FALSE,0,NA,2017-11-16 18:06:12,FALSE,NA,"931221883114188800",NA,"<a href=""http://twitter.com/download/android"" rel=""nofollow"">Twitter for Android</a>","FriulConnection",4,TRUE,FALSE,NA,NA,"Pont-Audemer, France","fr","http://pbs.twimg.com/profile_images/611513707886198784/Y8RXAdvi_normal.png"
"71","RT @weeklysd: „ÄêÁã¨Âç†ÊøÄÁôΩ„Äë„ÄåHIV„ÅØ‰∫ãÂÆüÁÑ°Ê†π„Äç„ÅÇ„ÅÆÂÖÉ„Ç¢„Éº„Çª„Éä„É´Êà¶Â£´„ÅåÈ®íÂãï„ÅÆÁúüÁõ∏„ÇíË™û„Çã| „Çµ„ÉÉ„Ç´„Éº„ÉÄ„Ç§„Ç∏„Çß„Çπ„ÉàWeb https://t.co/ijWpNGaGQA ‚Ä¶ #Eboue #„Ç®„Éñ„Ç® #Arsenal #„Éó„É¨„Éü„Ç¢„É™„Éº„Ç∞ #Transfer #ÁßªÁ±ç #„Ç¢„Éº„Çª‚Ä¶",FALSE,0,NA,2017-11-16 18:06:07,FALSE,NA,"931221860066324480",NA,"<a href=""http://twitter.com"" rel=""nofollow"">Twitter Web Client</a>","gws_sbr",4,TRUE,FALSE,NA,NA,"","ja","http://pbs.twimg.com/profile_images/672851882595905537/ARTnceCq_normal.jpg"
"72","Plong√©e au c≈ìur du North London Derby, #Arsenal #Tottenham. Son histoire, ses anecdotes. Enjoy! (Merci‚Ä¶ https://t.co/LAwWW6JKpr",FALSE,6,NA,2017-11-16 18:05:53,TRUE,NA,"931221803346878474",NA,"<a href=""http://twitter.com"" rel=""nofollow"">Twitter Web Client</a>","tcros",4,FALSE,FALSE,NA,NA,"Roma","fr","http://pbs.twimg.com/profile_images/734689805901123584/9PFx8bgj_normal.jpg"
"73","Spurs will never score a goal like that against us. LET THAT SINK IN. Ì†ΩÌ±èÌ†ΩÌ±ç‚öΩ #ARSTOT #Arsenal #Tottenham https://t.co/6g1RQ0c4l0",FALSE,0,NA,2017-11-16 18:04:26,FALSE,NA,"931221438903803904",NA,"<a href=""https://mobile.twitter.com"" rel=""nofollow"">Twitter Lite</a>","mr_gooner",0,FALSE,FALSE,NA,NA,"UK","en","http://pbs.twimg.com/profile_images/571799698529193984/xjWU0oXN_normal.jpeg"
"74","#LUGAREMBLEM√ÅTICO | El #Arsenal #Militar ‚öìÔ∏è de #Cartagena. Parte II. https://t.co/3TeQZuiUj4 | #CP",FALSE,0,NA,2017-11-16 18:04:01,FALSE,NA,"931221330350948352",NA,"<a href=""https://about.twitter.com/products/tweetdeck"" rel=""nofollow"">TweetDeck</a>","CiudadPortuaria",0,FALSE,FALSE,NA,NA,"Cartagena, Spain.","es","http://pbs.twimg.com/profile_images/647351173763203072/9q0tIyNj_normal.png"
"75","RT @arseblognews: New: Wenger: I trust Lacazette completely https://t.co/EzuirI607Z #arsenal #afc https://t.co/tJ9rTHNYO6",FALSE,0,NA,2017-11-16 18:03:57,FALSE,NA,"931221313561284608",NA,"<a href=""http://twitter.com/download/android"" rel=""nofollow"">Twitter for Android</a>","proof55",10,TRUE,FALSE,NA,NA,"My Community","en","http://pbs.twimg.com/profile_images/899726142147579906/Ll3nB9hO_normal.jpg"
"76","Hoy Desde el Viaducto cumple 2 a√±os informando sobre #Arsenal de Sarand√≠, ¬°gracias a todos ustedes por la confianza‚Ä¶ https://t.co/oh5pz2WZ5D",FALSE,6,NA,2017-11-16 18:03:46,TRUE,NA,"931221267230978049",NA,"<a href=""http://twitter.com/download/android"" rel=""nofollow"">Twitter for Android</a>","desdelviaducto",0,FALSE,FALSE,NA,NA,"Sarand√≠ ","es","http://pbs.twimg.com/profile_images/830598362705645569/R3INTZcO_normal.jpg"
"77","Arsene Wenger makes shocking admission about his job security at Arsenal by @afcDW #Arsenal https://t.co/S36sqoeN6J",FALSE,0,NA,2017-11-16 18:02:55,FALSE,NA,"931221056467230722",NA,"<a href=""http://dailycannon.com"" rel=""nofollow"">DC 2017</a>","DailyCannon",0,FALSE,FALSE,NA,NA,"Everywhere","en","http://pbs.twimg.com/profile_images/875719052538380288/5UtBPLut_normal.png"
"78","JustArsenal News Home form the key to Arsenal beating Spurs and making Top Four https://t.co/VQkPVTccXJ
#afc #JustArsenal #Arsenal",FALSE,0,NA,2017-11-16 18:02:39,FALSE,NA,"931220987273609217",NA,"<a href=""http://justarsenal.com"" rel=""nofollow"">Just Arsenal News </a>","JustArsenal",0,FALSE,FALSE,NA,NA,"London","en","http://pbs.twimg.com/profile_images/482764864/JustArsenal_normal.jpg"
"79","RT @M_magazinePRS: .@UK_Music 'remains wholly unconvinced by a system which enables #Arsenal Football Club‚Äôs #EmiratesStadium to receive a‚Ä¶",FALSE,0,NA,2017-11-16 18:02:38,FALSE,NA,"931220983159119872",NA,"<a href=""http://twitter.com/download/iphone"" rel=""nofollow"">Twitter for iPhone</a>","SheesCreative",1,TRUE,FALSE,NA,NA,"North East & Scotland, Europe ","en","http://pbs.twimg.com/profile_images/830144690251034625/G5kxQjT8_normal.jpg"
"80","RT @VBGooners: #Virginia is Ì†ΩÌ¥¥.

#WeAreTheArsenal #Arsenal #AFCvTHFC #ARSTOT #COYG #FOYS #VCC #NLD #VIFG https://t.co/fzVQ2O1hfY",FALSE,0,NA,2017-11-16 18:02:12,FALSE,NA,"931220876258959360",NA,"<a href=""http://twitter.com/download/android"" rel=""nofollow"">Twitter for Android</a>","Toocool105",9,TRUE,FALSE,NA,NA,"In my mind","en","http://pbs.twimg.com/profile_images/910082857984516096/DLhMPXAn_normal.jpg"
"81","RT @arseblognews: New: Wenger: It‚Äôs about efficiency, not toughness https://t.co/BJbXTHgU7m #arsenal #afc https://t.co/9cahO2AcgW",FALSE,0,NA,2017-11-16 18:01:57,FALSE,NA,"931220810458632194",NA,"<a href=""http://twitter.com/download/android"" rel=""nofollow"">Twitter for Android</a>","gooner_n123",4,TRUE,FALSE,NA,NA,"","en","http://pbs.twimg.com/profile_images/504389087441080320/zgIvaH-c_normal.jpeg"
"82","Who¬¥s gonna win? LIKE: @Arsenal                                RT: @SpursOfficial 
#ARSTOT #AFC #ARSENAL #SPURS‚Ä¶ https://t.co/G4Ym8X8qRT",FALSE,0,NA,2017-11-16 18:01:09,TRUE,NA,"931220610046361600",NA,"<a href=""http://twitter.com"" rel=""nofollow"">Twitter Web Client</a>","mysliveczech",0,FALSE,FALSE,NA,NA,"Prague, Czech Republic","en","http://pbs.twimg.com/profile_images/930170536877051904/0CrHxM2a_normal.jpg"
"83",".@UK_Music 'remains wholly unconvinced by a system which enables #Arsenal Football Club‚Äôs #EmiratesStadium to recei‚Ä¶ https://t.co/IrHKmtGU6F",FALSE,2,NA,2017-11-16 18:00:43,TRUE,NA,"931220499627237376",NA,"<a href=""http://www.hootsuite.com"" rel=""nofollow"">Hootsuite</a>","M_magazinePRS",1,FALSE,FALSE,NA,NA,"M HQ, London","en","http://pbs.twimg.com/profile_images/752815051090825216/H5_tko-U_normal.jpg"
"84","888 New Customers

#Arsenal 12/1 #Tottenham 15/1

#ManUtd 3/1 #Newcastle 100/1

¬£5 Max - Paid In #FreeBets

Ì†ΩÌ¥ûT&amp;Cs‚û°Ô∏è‚Ä¶ https://t.co/7ASaOfsPrj",FALSE,0,NA,2017-11-16 18:00:25,TRUE,NA,"931220424263917569",NA,"<a href=""http://www.crowdfireapp.com"" rel=""nofollow"">Crowdfire - Go Big</a>","Puntfair",0,FALSE,FALSE,NA,NA,"England, United Kingdom","en","http://pbs.twimg.com/profile_images/902821340012453889/BaIlBjZN_normal.jpg"
"85","Arsene #Wenger has dismissed the idea that #Arsenal are underdogs for the #NorthLondonDerby against #Tottenham.... https://t.co/R3VnMVvenL",FALSE,0,NA,2017-11-16 18:00:07,FALSE,NA,"931220350016172032",NA,"<a href=""http://www.facebook.com/twitter"" rel=""nofollow"">Facebook</a>","seancardo",0,FALSE,FALSE,NA,NA,"Kenya","en","http://pbs.twimg.com/profile_images/721329519718756352/zUHqLUV4_normal.jpg"
"86","Great words from Iwobi on Santi. Can't wait for his comeback and the reception he gets! #Arsenal #Cazorla https://t.co/5MDZgrsZRU",FALSE,0,NA,2017-11-16 18:00:06,FALSE,NA,"931220347482984454",NA,"<a href=""http://www.facebook.com/twitter"" rel=""nofollow"">Facebook</a>","love_arsenal",0,FALSE,FALSE,NA,NA,"","en","http://abs.twimg.com/sticky/default_profile_images/default_profile_normal.png"
"87","When the manta rays nail the iphone, Malone now hangs a new Little Toot #soccer #football #epl #pl #MOTD #LIVSOU‚Ä¶ https://t.co/mvB163LZVF",FALSE,0,NA,2017-11-16 18:00:03,TRUE,NA,"931220332853321730",NA,"<a href=""http://test2.com"" rel=""nofollow"">Pragmatic Shearer</a>","Pragmatic_Alan",0,FALSE,FALSE,NA,NA,"United Kingdom","en","http://pbs.twimg.com/profile_images/929006712127967233/lGmkuO6m_normal.jpg"
"88","Arsene #Wenger has dismissed the idea that #Arsenal are underdogs for the #NorthLondonDerby against #Tottenham.‚Ä¶ https://t.co/IUoI6a0ydI",FALSE,0,NA,2017-11-16 18:00:01,TRUE,NA,"931220323751436288",NA,"<a href=""https://about.twitter.com/products/tweetdeck"" rel=""nofollow"">TweetDeck</a>","seancardo",0,FALSE,FALSE,NA,NA,"Kenya","en","http://pbs.twimg.com/profile_images/721329519718756352/zUHqLUV4_normal.jpg"
"89","RT @BrandonTopps: NEW VID - We Hate These lot!"" A Must win game - NLD PREVIEW https://t.co/IgrljQC6ty via @YouTube #Arsenal #spurs #coyg",FALSE,0,NA,2017-11-16 17:59:02,FALSE,NA,"931220076744847360",NA,"<a href=""http://twitter.com/download/android"" rel=""nofollow"">Twitter for Android</a>","Toocool105",6,TRUE,FALSE,NA,NA,"In my mind","en","http://pbs.twimg.com/profile_images/910082857984516096/DLhMPXAn_normal.jpg"
"90","Seeing #Arsenal and #Spurs fans arguing who is the biggest team in North London is like seeing 2 midgets arguing ov‚Ä¶ https://t.co/QGduc8BIJS",FALSE,0,NA,2017-11-16 17:58:07,TRUE,NA,"931219847945555968",NA,"<a href=""http://twitter.com/download/android"" rel=""nofollow"">Twitter for Android</a>","Simply_Scholes_",0,FALSE,FALSE,NA,NA,"in the clouds","en","http://pbs.twimg.com/profile_images/930177924757639169/CnsfJ1_X_normal.jpg"
"91","I think its fair to say Jens and Gilberto were not fans of Gallas
https://t.co/EITCUmWCP7 #uta #arsenal",FALSE,0,NA,2017-11-16 17:57:36,FALSE,NA,"931219717225926656",NA,"<a href=""http://www.hootsuite.com"" rel=""nofollow"">Hootsuite</a>","thefootballsc",0,FALSE,FALSE,NA,NA,"London","en","http://pbs.twimg.com/profile_images/544064689257189377/7aSNqtRV_normal.png"
"92","#Arsenal  https://t.co/4r7PUe0bdi",FALSE,0,NA,2017-11-16 17:56:51,FALSE,NA,"931219527970574336",NA,"<a href=""http://twitter.com"" rel=""nofollow"">Twitter Web Client</a>","Antondub",0,FALSE,FALSE,NA,NA,"Dalkey,Dublin,Ireland.","en","http://pbs.twimg.com/profile_images/2232733563/gero_normal.jpg"
"93","RT @FootballFanCast: Ì†ΩÌ≥Ü 16/11/2002

#Onthisday 15 years ago, @ThierryHenry did what he does best against #Arsenal's north London rivals Ì†ΩÌπå

(‚Ä¶",FALSE,0,NA,2017-11-16 17:56:41,FALSE,NA,"931219487910715392",NA,"<a href=""http://twitter.com/download/iphone"" rel=""nofollow"">Twitter for iPhone</a>","JpBuckley85",15,TRUE,FALSE,NA,NA,"","en","http://pbs.twimg.com/profile_images/675630703095230464/-EUHHuiA_normal.jpg"
"94","#Atl√©ticoTucum√°n #Arsenal #Fecha9 #Superliga https://t.co/LOMfvMfp42",FALSE,0,NA,2017-11-16 17:55:17,FALSE,NA,"931219135786291205",NA,"<a href=""http://www.facebook.com/twitter"" rel=""nofollow"">Facebook</a>","JonyMontivero",0,FALSE,FALSE,NA,NA,"","es","http://pbs.twimg.com/profile_images/583441058371084288/vsxekl5n_normal.jpg"
"95","Someone help him! #Arsenal #WATP @Arsenal @ArsenalFanTV @MrDtAFC @TroopzAFC https://t.co/3t7XDPneBl",FALSE,0,NA,2017-11-16 17:54:38,FALSE,NA,"931218970677596160",NA,"<a href=""http://twitter.com/download/iphone"" rel=""nofollow"">Twitter for iPhone</a>","96apc",0,FALSE,FALSE,NA,NA,"Arbroath, Scotland","en","http://pbs.twimg.com/profile_images/930052969168596992/_gmEB3ZT_normal.jpg"
"96","Arsenal FC Autographed Football 1990's early 2000's team players https://t.co/dlJAjJ4FFF #Arsenal #AFC https://t.co/Y2hYDpiWuo",FALSE,0,NA,2017-11-16 17:54:18,FALSE,NA,"931218888100065281",NA,"<a href=""https://ifttt.com"" rel=""nofollow"">IFTTT</a>","ArsenalHQNews",0,FALSE,FALSE,NA,NA,"North London","en","http://pbs.twimg.com/profile_images/579932158657196032/GXL-j4R4_normal.png"
"97","RT @EPLpod: New episode: Have Spurs eclipsed Arsenal? #PodernFamily Cc: @eatmygoaltv https://t.co/BKtVYKYrv4 #Spurs #Arsenal https://t.co/c‚Ä¶",FALSE,0,NA,2017-11-16 17:53:00,FALSE,NA,"931218558222290944",NA,"<a href=""http://twitter.com/download/iphone"" rel=""nofollow"">Twitter for iPhone</a>","NerdsWithWords1",7,TRUE,FALSE,NA,NA,"Pennsylvania","en","http://pbs.twimg.com/profile_images/881910921018454020/gG_ncObb_normal.jpg"
"98","RT @Joepav77: Arsenal vs Tottenham Hotspur
https://t.co/cp6c1tqvw5

#Arsenal #Gunners #PremierLeague #soccer #Spurs #TottenhamHotspur https‚Ä¶",FALSE,0,NA,2017-11-16 17:52:52,FALSE,NA,"931218526500720640",NA,"<a href=""http://twitter.com"" rel=""nofollow"">Twitter Web Client</a>","Reser29700985",1432,TRUE,FALSE,NA,NA,"","tr","http://pbs.twimg.com/profile_images/879859066922835970/S4xabXNI_normal.png"
"99","RT @GabrielsenRgen: Ready!Ì†ΩÌ∏é @TV2_Jon @TV2Alsaker @TV2Wikestad @TV2JHBorslid #Arsenal #XhakaTime https://t.co/hxaynaajsj",FALSE,0,NA,2017-11-16 17:52:26,FALSE,NA,"931218418904297472",NA,"<a href=""http://twitter.com"" rel=""nofollow"">Twitter Web Client</a>","abkasearki1986",4,TRUE,FALSE,NA,NA,"","ru","http://pbs.twimg.com/profile_images/930538054632296448/QqJqQcad_normal.jpg"
"100","RT @BrandonTopps: NEW VID - We Hate These lot!"" A Must win game - NLD PREVIEW https://t.co/IgrljQC6ty via @YouTube #Arsenal #spurs #coyg",FALSE,0,NA,2017-11-16 17:52:11,FALSE,NA,"931218355687755778",NA,"<a href=""http://twitter.com/download/android"" rel=""nofollow"">Twitter for Android</a>","AkwoLouis",6,TRUE,FALSE,NA,NA,"Yaound√©","en","http://pbs.twimg.com/profile_images/796443781432279047/q8jxNsQN_normal.jpg"
"101","UOL Ì†ΩÌ≥∞ | Lucas #Moura is almost certain to leave in January. Of all the clubs that have shown interest in him, he is‚Ä¶ https://t.co/4RIqxx5VXL",FALSE,0,NA,2017-11-16 17:52:10,TRUE,NA,"931218348704137218",NA,"<a href=""http://twitter.com/download/android"" rel=""nofollow"">Twitter for Android</a>","MyFussbllTweets",1,FALSE,FALSE,NA,NA,"London, England","en","http://pbs.twimg.com/profile_images/897247706665676800/G6yTJ0Ce_normal.jpg"
"102","@barneyronay Maybe he could do 15 games every year for #arsenal mainly when playing top 6 sides #WengerSilvaJobShare",FALSE,0,"barneyronay",2017-11-16 17:50:40,FALSE,"931070931405033474","931217973691461633","47912448","<a href=""http://twitter.com/download/iphone"" rel=""nofollow"">Twitter for iPhone</a>","riz_uk",0,FALSE,FALSE,NA,NA,"","en","http://pbs.twimg.com/profile_images/676013423025614848/jY0InDLj_normal.jpg"
"103","Ì†ΩÌ∑ì 15 years ago today...
#arsenal #gunners #HENRY #thierryhenry
#12thmantimes #tmt #jtse https://t.co/jYPdcBE3Nb",FALSE,0,NA,2017-11-16 17:50:17,FALSE,NA,"931217877499199488",NA,"<a href=""http://twitter.com"" rel=""nofollow"">Twitter Web Client</a>","the12thmantimes",0,FALSE,FALSE,NA,NA,"","en","http://pbs.twimg.com/profile_images/817643595616243712/0E1MRx7f_normal.jpg"
"104","So, here's Mauricio Pochettino hugging a huge cock and ball ...
#Arsenal #AFC #Gooners #COYS #Tottenham #Spurs‚Ä¶ https://t.co/KhlQjjO8mX",FALSE,0,NA,2017-11-16 17:49:26,TRUE,NA,"931217663845597184",NA,"<a href=""http://twitter.com"" rel=""nofollow"">Twitter Web Client</a>","sinkaspud",0,FALSE,FALSE,NA,NA,"North London","en","http://pbs.twimg.com/profile_images/1373315261/sinkaspud_normal.jpg"
"105","#ArsenalFC #Arsenal #AFC Premier League summer signings rated for big 6 clubs https://t.co/VJhaQKLkUr https://t.co/yK1u3UDDCW",FALSE,0,NA,2017-11-16 17:48:56,FALSE,NA,"931217538247208961",NA,"<a href=""https://www.socialoomph.com"" rel=""nofollow"">SocialOomph</a>","arsenalnewsonly",0,FALSE,FALSE,NA,NA,"","en","http://pbs.twimg.com/profile_images/919525798012362752/z_sHxuQW_normal.jpg"
"106","RT @Stuart_PhotoAFC: Thierry Henry's goal v spurs from 16th November 2002. #TH14 #arsenal #afc https://t.co/6N4RmYyxD4",FALSE,0,NA,2017-11-16 17:48:34,FALSE,NA,"931217445544742918",NA,"<a href=""http://twitter.com/download/iphone"" rel=""nofollow"">Twitter for iPhone</a>","D_Floriiian",151,TRUE,FALSE,NA,NA,"France","fr","http://pbs.twimg.com/profile_images/924823196842512389/DZdLYUe5_normal.jpg"
"107","RT @GunnerBallZ: What have you made of our summer signings so far? ‚òÄÔ∏è #lacazette  #kolasinac #arsenal #afc #puma https://t.co/9wGLalaSZp",FALSE,0,NA,2017-11-16 17:48:20,FALSE,NA,"931217385692057601",NA,"<a href=""http://twitter.com/#!/download/ipad"" rel=""nofollow"">Twitter for iPad</a>","GunnerBallZ",3,TRUE,FALSE,NA,NA,"Emirates Stadium","en","http://pbs.twimg.com/profile_images/928619514794737664/0y0vMvYG_normal.jpg"
"108","Still my fav #NLD derby photo ever! What I‚Äôd give to have another @ThierryHenry in the team atm #arsenal #afc #coyg‚Ä¶ https://t.co/OqkyvHCbsi",FALSE,0,NA,2017-11-16 17:46:32,TRUE,NA,"931216930974896128",NA,"<a href=""http://twitter.com/download/iphone"" rel=""nofollow"">Twitter for iPhone</a>","rdrew86",0,FALSE,FALSE,NA,NA,"","en","http://pbs.twimg.com/profile_images/493165445063913472/xy0KJBPP_normal.jpeg"
"109","Wright: Kane and Lacazette are desperate to score goals by @jeinchy29 #Arsenal https://t.co/KPKVgxJBsT",FALSE,1,NA,2017-11-16 17:46:28,FALSE,NA,"931216913866395648",NA,"<a href=""http://dailycannon.com"" rel=""nofollow"">DC 2017</a>","DailyCannon",1,FALSE,FALSE,NA,NA,"Everywhere","en","http://pbs.twimg.com/profile_images/875719052538380288/5UtBPLut_normal.png"
"110","RT @BrandonTopps: NEW VID - We Hate These lot!"" A Must win game - NLD PREVIEW https://t.co/IgrljQC6ty via @YouTube #Arsenal #spurs #coyg",FALSE,0,NA,2017-11-16 17:45:55,FALSE,NA,"931216775592775680",NA,"<a href=""http://twitter.com/download/iphone"" rel=""nofollow"">Twitter for iPhone</a>","TheGoonerette",6,TRUE,FALSE,NA,NA,"London, England","en","http://pbs.twimg.com/profile_images/930521510435086336/d5LYPrWV_normal.jpg"
"111","#Tottenham manager Mauricio Pochettino showing more respect for #Wenger than 'supposed' #Arsenal fan @piersmorgan‚Ä¶ https://t.co/uU2cEPqvRK",FALSE,0,NA,2017-11-16 17:44:55,TRUE,NA,"931216524018356224",NA,"<a href=""http://twitter.com"" rel=""nofollow"">Twitter Web Client</a>","sinkaspud",0,FALSE,FALSE,NA,NA,"North London","en","http://pbs.twimg.com/profile_images/1373315261/sinkaspud_normal.jpg"
"112","RT @Stuart_PhotoAFC: Thierry Henry's goal v spurs from 16th November 2002. #TH14 #arsenal #afc https://t.co/6N4RmYyxD4",FALSE,0,NA,2017-11-16 17:44:38,FALSE,NA,"931216454254333953",NA,"<a href=""http://twitter.com/download/iphone"" rel=""nofollow"">Twitter for iPhone</a>","Shrek_Shreyas",151,TRUE,FALSE,NA,NA,"B'lore,Karnataka,INDIA","en","http://pbs.twimg.com/profile_images/919159677350322176/uOYaAIjc_normal.jpg"
"113","After watching the Germany game #wenger needs to play @MesutOzil1088 in the number 10 position.. Stop playing him o‚Ä¶ https://t.co/0MiFsagvU5",FALSE,0,NA,2017-11-16 17:44:34,TRUE,NA,"931216437150175232",NA,"<a href=""http://twitter.com/download/iphone"" rel=""nofollow"">Twitter for iPhone</a>","Ria_Vango",0,FALSE,FALSE,NA,NA,"Rochester, England","en","http://pbs.twimg.com/profile_images/930542281001787393/lVO2qkHQ_normal.jpg"
"114","#ArsenalFC #Arsenal Jens Lehmann: How I helped Cesc Fabregas stay grounded at Arsenal https://t.co/9ZMP9I3oxF",FALSE,1,NA,2017-11-16 17:43:56,FALSE,NA,"931216276852232193",NA,"<a href=""https://www.socialoomph.com"" rel=""nofollow"">SocialOomph</a>","arsenalnewsonly",0,FALSE,FALSE,NA,NA,"","en","http://pbs.twimg.com/profile_images/919525798012362752/z_sHxuQW_normal.jpg"
"115","Article: #Arsenal v Tottenham: Wenger and Pochettino preview north London derby ‚Äì video https://t.co/FkVI6teyTG",FALSE,0,NA,2017-11-16 17:43:19,FALSE,NA,"931216121537220609",NA,"<a href=""http://www.echofon.com/"" rel=""nofollow"">Echofon</a>","CharmCityGooner",0,FALSE,FALSE,NA,NA,"Baltimore, MD","en","http://pbs.twimg.com/profile_images/703943310470152192/dMwSHfWi_normal.jpg"
"116","RT @BrandonTopps: NEW VID - We Hate These lot!"" A Must win game - NLD PREVIEW https://t.co/IgrljQC6ty via @YouTube #Arsenal #spurs #coyg",FALSE,0,NA,2017-11-16 17:42:58,FALSE,NA,"931216033767190528",NA,"<a href=""http://twitter.com/download/android"" rel=""nofollow"">Twitter for Android</a>","FutbolAlarcon",6,TRUE,FALSE,NA,NA,"Londres","en","http://pbs.twimg.com/profile_images/813371583813287936/xsVG4Jgv_normal.jpg"
"117","RT @Joepav77: Arsenal vs Tottenham Hotspur
https://t.co/cp6c1tqvw5

#Arsenal #Gunners #PremierLeague #soccer #Spurs #TottenhamHotspur https‚Ä¶",FALSE,0,NA,2017-11-16 17:41:53,FALSE,NA,"931215762353741824",NA,"<a href=""http://twitter.com"" rel=""nofollow"">Twitter Web Client</a>","sarkararif56",1432,TRUE,FALSE,NA,NA,"","en","http://pbs.twimg.com/profile_images/829553033998630912/aoGguQek_normal.jpg"
"118","RT @simbactz: Que des num√©ros 10 dans ma team
#Arsenal https://t.co/2NOccInZpQ",FALSE,0,NA,2017-11-16 17:41:21,FALSE,NA,"931215627385176064",NA,"<a href=""http://twitter.com/download/android"" rel=""nofollow"">Twitter for Android</a>","FedorZor",47,TRUE,FALSE,NA,NA,"Saint-Denis, France","fr","http://pbs.twimg.com/profile_images/890959635523538944/WRl5v4mi_normal.jpg"
"119","This is for those who say Ozil is lazy. #TouchlineFracas #arsenal https://t.co/eELu1gtDjC",FALSE,0,NA,2017-11-16 17:40:59,FALSE,NA,"931215534347218945",NA,"<a href=""http://twitter.com/download/iphone"" rel=""nofollow"">Twitter for iPhone</a>","StefonWilliams7",0,FALSE,FALSE,NA,NA,"London, England","en","http://pbs.twimg.com/profile_images/902601088083173376/4dVCot9i_normal.jpg"
"120","RT @BrandonTopps: NEW VID - We Hate These lot!"" A Must win game - NLD PREVIEW https://t.co/IgrljQC6ty via @YouTube #Arsenal #spurs #coyg",FALSE,0,NA,2017-11-16 17:40:44,FALSE,NA,"931215474536386560",NA,"<a href=""http://twitter.com"" rel=""nofollow"">Twitter Web Client</a>","MUTCHARSENAL",6,TRUE,FALSE,NA,NA,"","en","http://pbs.twimg.com/profile_images/757312807536820224/xzJmwOGz_normal.jpg"
"121","RT @Joepav77: Arsenal vs Tottenham Hotspur
https://t.co/cp6c1tqvw5

#Arsenal #Gunners #PremierLeague #soccer #Spurs #TottenhamHotspur https‚Ä¶",FALSE,0,NA,2017-11-16 17:40:11,FALSE,NA,"931215333880483840",NA,"<a href=""http://twitter.com"" rel=""nofollow"">Twitter Web Client</a>","GhxstBlooded",1432,TRUE,FALSE,NA,NA,"","en","http://pbs.twimg.com/profile_images/758165957294583809/U_Id4TZR_normal.jpg"
"122","#ENG #MUFC #LUFC #LFC #WFC #Arsenal #avfc #bcfc #cpfc #premiership Sign up for a Risk FREE #Matchedbetting trial https://t.co/m9WXICTxe3",FALSE,0,NA,2017-11-16 17:40:00,FALSE,NA,"931215289349390336",NA,"<a href=""https://about.twitter.com/products/tweetdeck"" rel=""nofollow"">TweetDeck</a>","BerserkaB",0,FALSE,FALSE,NA,NA,"United Kingdom","en","http://pbs.twimg.com/profile_images/857720747678208000/ild9cw-L_normal.jpg"
"123","#ENG #MUFC #LUFC #LFC #WFC #Arsenal #avfc #bcfc #cpfc #premiership Sign up for a Risk FREE #Matchedbetting trial https://t.co/N3rphf9FKs",FALSE,0,NA,2017-11-16 17:40:00,FALSE,NA,"931215288716075008",NA,"<a href=""https://about.twitter.com/products/tweetdeck"" rel=""nofollow"">TweetDeck</a>","WFC_MatchedBet",0,FALSE,FALSE,NA,NA,"London, England","en","http://pbs.twimg.com/profile_images/851547407917744128/--qDPAOJ_normal.jpg"
"124","#ENG #MUFC #LUFC #LFC #WFC #Arsenal #avfc #bcfc #cpfc #premiership Sign up for a Risk FREE #Matchedbetting trial https://t.co/8XdIMe1y3A",FALSE,0,NA,2017-11-16 17:40:00,FALSE,NA,"931215288611287040",NA,"<a href=""https://about.twitter.com/products/tweetdeck"" rel=""nofollow"">TweetDeck</a>","BerserkaBets",0,FALSE,FALSE,NA,NA,"United Kingdom","en","http://pbs.twimg.com/profile_images/857722262786637826/dkW2qOwq_normal.jpg"
"125","#ENG #MUFC #LUFC #LFC #WFC #Arsenal #avfc #bcfc #cpfc #premiership Sign up for a Risk FREE #Matchedbetting trial https://t.co/Kv2dvpZeHH",FALSE,0,NA,2017-11-16 17:40:00,FALSE,NA,"931215288284069888",NA,"<a href=""https://about.twitter.com/products/tweetdeck"" rel=""nofollow"">TweetDeck</a>","BerserkaBets1",0,FALSE,FALSE,NA,NA,"London, UK","en-gb","http://pbs.twimg.com/profile_images/857723052171423745/_QmvTxac_normal.jpg"
"126","#ArsenalFC #Arsenal #AFC Premier League form in 2017: Team with the most away goals scored revealed https://t.co/A7NEXl3Ydk",FALSE,0,NA,2017-11-16 17:39:06,FALSE,NA,"931215059686129664",NA,"<a href=""https://www.socialoomph.com"" rel=""nofollow"">SocialOomph</a>","arsenalnewsonly",0,FALSE,FALSE,NA,NA,"","en","http://pbs.twimg.com/profile_images/919525798012362752/z_sHxuQW_normal.jpg"
"127","RT @polysaraujo: Sorte? Acredito mais em merecimento.. #Arsenal #CampeasInvictas #CopaFama Ì†ºÌøÜ‚öΩÌ†ΩÌ±£Ì†ΩÌ∏çÌ†ΩÌ±è https://t.co/906vT2g8yk",FALSE,0,NA,2017-11-16 17:38:04,FALSE,NA,"931214803196108800",NA,"<a href=""http://twitter.com"" rel=""nofollow"">Twitter Web Client</a>","Dricancoelho",3,TRUE,FALSE,NA,NA,"Viana, Brasil","pt","http://pbs.twimg.com/profile_images/929481074928910337/IwcACp0u_normal.jpg"
"128","RT @Joepav77: Arsenal vs Tottenham Hotspur
https://t.co/cp6c1tqvw5

#Arsenal #Gunners #PremierLeague #soccer #Spurs #TottenhamHotspur https‚Ä¶",FALSE,0,NA,2017-11-16 17:38:04,FALSE,NA,"931214802722045952",NA,"<a href=""http://twitter.com"" rel=""nofollow"">Twitter Web Client</a>","Ipct29sagorLopa",1432,TRUE,FALSE,NA,NA,"Bangladesh","en","http://pbs.twimg.com/profile_images/907806080700256257/pPGlcH72_normal.jpg"
"129","Ars√®ne Wenger Press Conference Pre - Arsenal vs Tottenham Hotspur - Prem... https://t.co/nlJz65QKwL via #northlondonderby #Arsenal #Wenger",FALSE,0,NA,2017-11-16 17:37:46,FALSE,NA,"931214727371481088",NA,"<a href=""http://twitter.com"" rel=""nofollow"">Twitter Web Client</a>","footypressroom",0,FALSE,FALSE,NA,NA,"London, England","en","http://pbs.twimg.com/profile_images/927109433070678016/HXEBXgtR_normal.jpg"
"130","NEW VID - We Hate These lot!"" A Must win game - NLD PREVIEW https://t.co/IgrljQC6ty via @YouTube #Arsenal #spurs #coyg",FALSE,6,NA,2017-11-16 17:37:31,FALSE,NA,"931214664364691456",NA,"<a href=""http://twitter.com"" rel=""nofollow"">Twitter Web Client</a>","BrandonTopps",6,FALSE,FALSE,NA,NA,"@arsenalmatchtv","en","http://pbs.twimg.com/profile_images/929433821480669184/mpoIul2t_normal.jpg"
"131","RT @Andyriley88: This Ì†ΩÌ∏ÇÌ†ΩÌ∏ÇÌ†ΩÌ∏Ç #Wenger #Arsenal #LFC #Christmas #JohnLewis #Top4 #XMAS #football #BPL https://t.co/TlmaYl0hv9",FALSE,0,NA,2017-11-16 17:37:19,FALSE,NA,"931214614473465861",NA,"<a href=""http://twitter.com/download/iphone"" rel=""nofollow"">Twitter for iPhone</a>","lfc_talk_pod",1,TRUE,FALSE,NA,NA,"Wicklow, Ireland","en","http://pbs.twimg.com/profile_images/925389794246561793/Ns1iONoK_normal.jpg"
"132","RT @arseblognews: New: Wenger: Jack can still win over Southgate https://t.co/kPqUd119hi #arsenal #afc https://t.co/6YTwGawOEh",FALSE,0,NA,2017-11-16 17:37:14,FALSE,NA,"931214590008004608",NA,"<a href=""http://twitter.com/download/android"" rel=""nofollow"">Twitter for Android</a>","esia_arsenaly",4,TRUE,FALSE,NA,NA,"Sudan Khartoum Burrry‚ô•‚ô•‚ô•‚ô•‚ô•","ar","http://pbs.twimg.com/profile_images/930416387910176768/X28qP5X4_normal.jpg"
"133","RT @DailyStar_Sport: #Arsenal set to lose Jack Wilshere as Real Betis ‚Äòbelieve they are close‚Äô to signing Gunners star #AFC #NLD #COYG

htt‚Ä¶",FALSE,0,NA,2017-11-16 17:37:11,FALSE,NA,"931214579505532934",NA,"<a href=""http://twitter.com/download/android"" rel=""nofollow"">Twitter for Android</a>","Albertoonavass",20,TRUE,FALSE,NA,NA,"","es","http://abs.twimg.com/sticky/default_profile_images/default_profile_normal.png"
"134","Arsene Wenger says Santi Cazorla's ankle injury was the worst he has ever seen - but hopes he will return to action‚Ä¶ https://t.co/ZV1GkS47yo",FALSE,0,NA,2017-11-16 17:36:43,TRUE,NA,"931214461075165184",NA,"<a href=""http://twitter.com"" rel=""nofollow"">Twitter Web Client</a>","AFP_Sport",1,FALSE,FALSE,NA,NA,"Everywhere","en","http://pbs.twimg.com/profile_images/443071673353256961/dys72rLp_normal.jpeg"
"135","RT @arseblognews: New: Wenger: Jack can still win over Southgate https://t.co/kPqUd119hi #arsenal #afc https://t.co/6YTwGawOEh",FALSE,0,NA,2017-11-16 17:36:19,FALSE,NA,"931214361934356487",NA,"<a href=""http://twitter.com/download/iphone"" rel=""nofollow"">Twitter for iPhone</a>","deb_peter",4,TRUE,FALSE,NA,NA,"","en","http://pbs.twimg.com/profile_images/463700953380577282/FWfRDnMO_normal.png"
"136","RT @EPLpod: New episode: Have Spurs eclipsed Arsenal? #PodernFamily Cc: @eatmygoaltv https://t.co/BKtVYKYrv4 #Spurs #Arsenal https://t.co/c‚Ä¶",FALSE,0,NA,2017-11-16 17:35:50,FALSE,NA,"931214241280987137",NA,"<a href=""http://twitter.com"" rel=""nofollow"">Twitter Web Client</a>","EPLpod",7,TRUE,FALSE,NA,NA,"","en","http://pbs.twimg.com/profile_images/866528999245103104/p8VpNd3f_normal.jpg"
"137","#COYG #NLIR #ARSENAL #FOYS https://t.co/WExywBdDDC",FALSE,0,NA,2017-11-16 17:35:43,FALSE,NA,"931214211287605248",NA,"<a href=""http://twitter.com/download/android"" rel=""nofollow"">Twitter for Android</a>","Goonerbar",0,FALSE,FALSE,NA,NA,"Ireland (cork)","en","http://pbs.twimg.com/profile_images/899006748350140417/Pha2YOgu_normal.jpg"
"138","RT @arseblognews: New: Wenger: Jack can still win over Southgate https://t.co/kPqUd119hi #arsenal #afc https://t.co/6YTwGawOEh",FALSE,0,NA,2017-11-16 17:35:14,FALSE,NA,"931214090214703104",NA,"<a href=""http://twitter.com/download/iphone"" rel=""nofollow"">Twitter for iPhone</a>","I_am_Emeka",4,TRUE,FALSE,NA,NA,"","en","http://pbs.twimg.com/profile_images/909299720266375178/WgnJwgs1_normal.jpg"
"139","My #Arsenal 11 for the #AFCvTHFC match #NLD #NorthLondonDerby :
Cech
Koscielny
Holding
Monreal

Kolasinac
Bellerin‚Ä¶ https://t.co/pYLOmRuKb7",FALSE,0,NA,2017-11-16 17:33:57,TRUE,NA,"931213763554037762",NA,"<a href=""http://twitter.com"" rel=""nofollow"">Twitter Web Client</a>","SatpreetRihal",0,FALSE,FALSE,NA,NA,"London, England","en","http://pbs.twimg.com/profile_images/913061789201510400/9e5caY1w_normal.jpg"
"140","Wenger: ""Its always a fierce derby. You have to keep your nerves, focus on the game &amp; have full commitment while be‚Ä¶ https://t.co/HPAG95IsCK",FALSE,0,NA,2017-11-16 17:33:19,TRUE,NA,"931213608234520576",NA,"<a href=""http://twitter.com"" rel=""nofollow"">Twitter Web Client</a>","the12thmantimes",0,FALSE,FALSE,NA,NA,"","en","http://pbs.twimg.com/profile_images/817643595616243712/0E1MRx7f_normal.jpg"
"141","As an Arsenal fan im starting to feel like a West Ham fan that keeps goin on about how they won the World Cup! ‚ÄòWe‚Ä¶ https://t.co/NWUR6wmhgJ",FALSE,0,NA,2017-11-16 17:32:27,TRUE,NA,"931213389807964160",NA,"<a href=""http://twitter.com/download/iphone"" rel=""nofollow"">Twitter for iPhone</a>","ishewz",0,FALSE,FALSE,NA,NA,"essex, england ‚úåÌ†ºÌøª","en","http://pbs.twimg.com/profile_images/864386573953105921/sMoPa1NM_normal.jpg"
"142","RT @arseblognews: New: Wenger: Jack can still win over Southgate https://t.co/kPqUd119hi #arsenal #afc https://t.co/6YTwGawOEh",FALSE,0,NA,2017-11-16 17:32:20,FALSE,NA,"931213358094831623",NA,"<a href=""http://tapbots.com/software/tweetbot/mac"" rel=""nofollow"">Tweetbot for Mac</a>","arseblog",4,TRUE,FALSE,NA,NA,"Dublin","en","http://pbs.twimg.com/profile_images/905361929736249344/uQZDgItm_normal.jpg"
"143","Ozil is sooo lazy Ì†ΩÌπÑ

In English football there is a lack of appreciation for the difficult skill of consistently fi‚Ä¶ https://t.co/na226ZRZiF",FALSE,0,NA,2017-11-16 17:32:12,TRUE,NA,"931213324280320000",NA,"<a href=""http://twitter.com/download/iphone"" rel=""nofollow"">Twitter for iPhone</a>","StefonWilliams7",0,FALSE,FALSE,NA,NA,"London, England","en","http://pbs.twimg.com/profile_images/902601088083173376/4dVCot9i_normal.jpg"
"144","New: Wenger: Jack can still win over Southgate https://t.co/kPqUd119hi #arsenal #afc https://t.co/6YTwGawOEh",FALSE,12,NA,2017-11-16 17:32:11,FALSE,NA,"931213320836866050",NA,"<a href=""http://news.arseblog.com"" rel=""nofollow"">Arseblog News2</a>","arseblognews",4,FALSE,FALSE,NA,NA,"Dublin :: London","en","http://pbs.twimg.com/profile_images/905117201614680064/mWjKI7wX_normal.jpg"
"145","Wenger told to stop mismanaging Lacazette after France brace by @afcDW #Arsenal https://t.co/P2IcwvaQAH",FALSE,1,NA,2017-11-16 17:31:07,FALSE,NA,"931213051893760000",NA,"<a href=""http://dailycannon.com"" rel=""nofollow"">DC 2017</a>","DailyCannon",0,FALSE,FALSE,NA,NA,"Everywhere","en","http://pbs.twimg.com/profile_images/875719052538380288/5UtBPLut_normal.png"
"146","RT @salem1983_snake: #Arsenal Ì†ΩÌ∏çÌ†ΩÌ∏çÌ†ΩÌ∏ç #PES2018 https://t.co/TkWwXuQXrn",FALSE,0,NA,2017-11-16 17:31:06,FALSE,NA,"931213047812820994",NA,"<a href=""http://twitter.com/download/iphone"" rel=""nofollow"">Twitter for iPhone</a>","Hassan71709906",1,TRUE,FALSE,NA,NA,"","ar","http://abs.twimg.com/sticky/default_profile_images/default_profile_normal.png"
"147","#AtleticoTucuman | Concentrados del Decano vs #Arsenal https://t.co/KY2mgEoPFz",FALSE,2,NA,2017-11-16 17:30:52,FALSE,NA,"931212991013572608",NA,"<a href=""http://twitter.com/download/android"" rel=""nofollow"">Twitter for Android</a>","FutbolShowOk",0,FALSE,FALSE,NA,NA,"Buenos Aires, Argentina","es","http://pbs.twimg.com/profile_images/767874594464202753/IFcgIq6a_normal.jpg"
"148","RT @GoonerRamble: He must start on Saturday right? (In an #Arsenal shirt, not Lyon!) #AFC https://t.co/1wvEzZ6OHG",FALSE,0,NA,2017-11-16 17:30:35,FALSE,NA,"931212918221410304",NA,"<a href=""http://twitter.com/download/android"" rel=""nofollow"">Twitter for Android</a>","Marblehalls_TV",7,TRUE,FALSE,NA,NA,"At Highbury and the Emirates","en","http://pbs.twimg.com/profile_images/680164678220136449/PBegHWTo_normal.jpg"
"149","89 - the film everyone‚Äôs talking about! https://t.co/nknO7EuKO1 #TheArsenal #AFC #Arsenal",FALSE,1,NA,2017-11-16 17:30:08,FALSE,NA,"931212806162210816",NA,"<a href=""http://twitter.com/download/iphone"" rel=""nofollow"">Twitter for iPhone</a>","10akhil",0,FALSE,FALSE,NA,NA,"London/Hounslow","en","http://pbs.twimg.com/profile_images/724573242682429440/FltFfx--_normal.jpg"
"150","Treinador do Arsenal refere-se √† les√£o de Carzola como a pior que j√° viu https://t.co/17FsKMBYSw #transfermarkt #cazorla #wenger #Arsenal",FALSE,0,NA,2017-11-16 17:30:05,FALSE,NA,"931212793587683335",NA,"<a href=""http://www.transfermarkt.de/"" rel=""nofollow"">TM Poster</a>","TMpt_news",0,FALSE,FALSE,NA,NA,"","de","http://pbs.twimg.com/profile_images/926433040276115461/Igkrjaho_normal.jpg"
